fullname,shortname,value,variety,level,encumb,bonus,protection,charges,melee,pic,ability,ability_strength,treas_class,item_properties,type_flag,is_special,weight,special_class,magic_use_type,a,x_loc,y_loc,reserved1,reserved2
Gold,Gold,0,3,1,0,0,0,0,1,46,0,0,0,1,0,0,0,0,0,0,0,0,0,0
Bread and Meat,Food,4,11,7,0,0,0,0,1,62,0,0,0,1,0,0,0,0,0,0,0,0,0,0
Good Sandwich,Food,2,11,6,0,0,0,0,1,63,0,0,0,1,0,0,0,0,0,0,0,0,0,0
Tasty Mushrooms,Food,5,11,7,0,0,0,0,1,64,0,0,0,1,0,0,0,0,0,0,0,0,0,0
Pants,Pants,2,22,0,0,0,0,0,1,23,0,0,0,1,0,0,6,0,0,0,0,0,0,0
Pants,Pants,2,22,0,0,0,0,0,1,24,0,0,0,1,0,0,7,0,0,0,0,0,0,0
Shirt,Shirt,2,13,0,0,0,0,0,1,93,0,0,0,1,0,0,5,0,0,0,0,0,0,0
Shirt,Shirt,2,13,0,0,0,0,0,1,94,0,0,0,1,0,0,6,0,0,0,0,0,0,0
Robes,Robes,3,13,1,0,0,0,0,1,22,0,0,0,1,0,0,14,0,0,0,0,0,0,0
Rock,Rock,0,6,3,0,0,0,1,1,91,0,0,0,1,15,0,3,0,0,0,0,0,0,0
Rock,Rock,0,6,3,0,0,0,1,1,92,0,0,0,1,15,0,3,0,0,0,0,0,0,0
Stick,Stick,0,1,4,0,0,0,0,2,89,0,0,0,1,0,0,8,0,0,0,0,0,0,0
Stick,Stick,0,1,4,0,0,0,0,2,90,0,0,0,1,0,0,8,0,0,0,0,0,0,0
Mug,Mug,0,21,0,0,0,0,0,1,96,0,0,0,1,0,0,4,0,0,0,0,0,0,0
Plate,Plate,0,21,0,0,0,0,0,1,97,0,0,0,1,0,0,5,0,0,0,0,0,0,0
Bottle,Bottle,0,21,0,0,0,0,0,1,100,0,0,0,1,0,0,3,0,0,0,0,0,0,0
Bottle,Bottle,0,21,0,0,0,0,0,1,101,0,0,0,1,0,0,3,0,0,0,0,0,0,0
Candle,Candle,1,10,1,0,0,0,1,1,102,90,2,0,1,38,0,2,0,0,0,0,0,0,0
Lamp,Lamp,8,10,8,0,0,0,1,1,103,90,7,0,1,0,0,14,0,0,0,0,0,0,0
Garbage,Garbage,0,21,0,0,0,0,0,1,19,0,0,0,1,0,0,15,0,0,0,0,0,0,0
Garbage,Garbage,0,21,0,0,0,0,0,1,104,0,0,0,1,0,0,10,0,0,0,0,0,0,0
Garbage,Garbage,0,21,0,0,0,0,0,1,107,0,0,0,1,0,0,8,0,0,0,0,0,0,0
Garbage,Garbage,0,21,0,0,0,0,0,1,108,0,0,0,1,0,0,7,0,0,0,0,0,0,0
Bones,Bones,0,21,0,0,0,0,0,1,88,0,0,0,1,0,0,18,0,0,0,0,0,0,0
Skull,Skull,0,21,0,0,0,0,0,1,109,0,0,0,1,0,0,6,0,0,0,0,0,0,0
Torches,Torches,2,10,2,0,0,0,6,1,57,90,5,0,1,13,0,3,0,0,0,0,0,0,0
Torches,Torches,2,10,2,0,0,0,3,1,57,90,5,0,1,13,0,3,0,0,0,0,0,0,0
Tome of Clarity,Book,75,8,0,0,0,0,1,1,98,79,7,0,4,0,0,8,0,0,0,0,0,0,0
Book,Book,2,21,0,0,0,0,0,1,99,0,0,0,1,0,0,9,0,0,0,0,0,0,0
Book,Book,2,21,0,0,0,0,0,1,110,0,0,0,1,0,0,11,0,0,0,0,0,0,0
Vahnatai Robes,Robes,8,13,2,0,0,0,0,1,18,0,0,0,1,0,0,10,0,0,0,0,0,0,0
Stone Knife,Knife,2,1,4,0,0,0,0,1,45,0,0,0,1,0,0,4,0,0,0,0,0,0,0
Stone Short Sword,Short Sword,5,1,6,0,0,0,0,1,0,0,0,0,1,0,0,15,0,0,0,0,0,0,0
Stone Club,Club,2,1,5,0,0,0,0,2,82,0,0,0,1,0,0,12,0,0,0,0,0,0,0
Stone Mace,Mace,5,1,7,0,0,0,0,2,2,0,0,0,1,0,0,18,0,0,0,0,0,0,0
Stone Axe,Axe,6,1,7,0,0,0,0,1,3,0,0,0,1,0,0,20,0,0,0,0,0,0,0
Stone Spear,Spear,10,2,9,0,0,0,0,3,4,0,0,0,1,0,0,30,0,0,0,0,0,0,0
Bronze Knife,Knife,16,1,4,0,1,0,0,1,45,0,0,1,0,0,0,7,0,0,0,0,0,0,0
Bronze Short Sword,Short Sword,20,1,6,0,1,0,0,1,0,0,0,1,0,0,0,15,0,0,0,0,0,0,0
Bronze Club,Club,12,1,5,0,1,0,0,2,82,0,0,1,0,0,0,12,0,0,0,0,0,0,0
Bronze Mace,Mace,22,1,7,0,1,0,0,2,2,0,0,1,0,0,0,18,0,0,0,0,0,0,0
Bronze Axe,Axe,30,1,7,0,1,0,0,1,3,0,0,1,0,0,0,20,0,0,0,0,0,0,0
Bronze Spear,Spear,40,2,9,0,1,0,0,3,4,0,0,1,0,0,0,30,0,0,0,0,0,0,0
Bronze Hammer,Hammer,30,1,8,0,1,0,0,2,31,0,0,1,0,0,0,25,0,0,0,0,0,0,0
Bronze Rapier,Rapier,30,1,7,0,1,0,0,1,0,0,0,1,0,0,0,15,0,0,0,0,0,0,0
Bronze Broadsword,Broadsword,50,1,9,0,1,0,0,1,0,0,0,1,0,0,0,25,0,0,0,0,0,0,0
Bronze Flail,Flail,45,1,9,0,1,0,0,2,9,0,0,1,0,0,0,30,0,0,0,0,0,0,0
Bronze Bardiche,Bardiche,200,2,12,0,1,0,0,3,8,0,0,2,0,0,0,35,0,0,0,0,0,0,0
Bronze Halberd,Halberd,450,2,18,0,1,0,0,3,5,0,0,2,0,0,0,50,0,0,0,0,0,0,0
Bronze Greatsword,Greatsword,400,2,14,0,1,0,0,1,1,0,0,2,0,0,0,45,0,0,0,0,0,0,0
Bronze Great Mace,Great Mace,375,2,13,0,1,0,0,2,2,0,0,2,0,0,0,45,0,0,0,0,0,0,0
Iron Knife,Knife,35,1,4,0,2,0,0,1,45,0,0,1,0,0,0,8,0,0,0,0,0,0,0
Iron Short Sword,Short Sword,50,1,6,0,2,0,0,1,0,0,0,1,0,0,0,15,0,0,0,0,0,0,0
Iron Mace,Mace,70,1,7,0,2,0,0,2,2,0,0,1,0,0,0,20,0,0,0,0,0,0,0
Iron Axe,Axe,80,1,7,0,2,0,0,1,3,0,0,1,0,0,0,20,0,0,0,0,0,0,0
Iron Spear,Spear,140,2,9,0,2,0,0,3,4,0,0,2,0,0,0,30,0,0,0,0,0,0,0
Iron Hammer,Hammer,80,1,8,0,2,0,0,2,31,0,0,1,0,0,0,25,0,0,0,0,0,0,0
Iron Rapier,Rapier,80,1,7,0,2,0,0,1,0,0,0,1,0,0,0,18,0,0,0,0,0,0,0
Iron Broadsword,Broadsword,200,1,9,0,2,0,0,1,0,0,0,2,0,0,0,25,0,0,0,0,0,0,0
Iron Flail,Flail,200,1,9,0,2,0,0,2,9,0,0,2,0,0,0,30,0,0,0,0,0,0,0
Iron Bardiche,Bardiche,600,2,12,0,2,0,0,3,8,0,0,2,0,0,0,40,0,0,0,0,0,0,0
Iron Halberd,Halberd,1000,2,18,0,2,0,0,3,5,0,0,3,0,0,0,50,0,0,0,0,0,0,0
Iron Greatsword,Greatsword,900,2,14,0,2,0,0,1,1,0,0,3,0,0,0,50,0,0,0,0,0,0,0
Iron Great Mace,Great Mace,850,2,13,0,2,0,0,2,2,0,0,2,0,0,0,45,0,0,0,0,0,0,0
Steel Knife,Knife,70,1,4,0,3,0,0,1,45,0,0,1,0,0,0,8,0,0,0,0,0,0,0
Steel Short Sword,Short Sword,120,1,6,0,3,0,0,1,0,0,0,2,0,0,0,15,0,0,0,0,0,0,0
Steel Mace,Mace,170,1,7,0,3,0,0,2,2,0,0,2,0,0,0,20,0,0,0,0,0,0,0
Steel Axe,Axe,200,1,7,0,3,0,0,1,3,0,0,2,0,0,0,20,0,0,0,0,0,0,0
Steel Spear,Spear,340,2,9,0,3,0,0,3,4,0,0,2,0,0,0,30,0,0,0,0,0,0,0
Steel Hammer,Hammer,200,1,8,0,3,0,0,2,31,0,0,2,0,0,0,25,0,0,0,0,0,0,0
Steel Rapier,Rapier,200,1,7,0,3,0,0,1,0,0,0,2,0,0,0,18,0,0,0,0,0,0,0
Steel Broadsword,Broadsword,500,1,9,0,3,0,0,1,0,0,0,2,0,0,0,25,0,0,0,0,0,0,0
Steel Flail,Flail,500,1,9,0,3,0,0,2,9,0,0,2,0,0,0,30,0,0,0,0,0,0,0
Steel Bardiche,Bardiche,1500,2,12,0,3,0,0,3,8,0,0,3,0,0,0,40,0,0,0,0,0,0,0
Steel Halberd,Halberd,2000,2,18,0,3,0,0,3,5,0,0,3,0,0,0,50,0,0,0,0,0,0,0
Steel Greatsword,Greatsword,1800,2,14,0,3,0,0,1,1,0,0,3,0,0,0,50,0,0,0,0,0,0,0
Steel Great Mace,Great Mace,1700,2,13,0,3,0,0,2,2,0,0,3,0,0,0,50,0,0,0,0,0,0,0
Magic Knife,Knife,150,1,4,0,5,0,0,1,45,0,0,2,4,0,0,8,0,0,0,0,0,0,0
Magic Short Sword,Short Sword,250,1,6,0,5,0,0,1,0,0,0,2,4,0,0,15,0,0,0,0,0,0,0
Magic Mace,Mace,350,1,7,0,5,0,0,2,2,0,0,2,4,0,0,20,0,0,0,0,0,0,0
Magic Axe,Axe,400,1,7,0,5,0,0,1,3,0,0,2,4,0,0,20,0,0,0,0,0,0,0
Magic Spear,Spear,700,2,9,0,5,0,0,3,4,0,0,2,4,0,0,30,0,0,0,0,0,0,0
Magic Hammer,Hammer,400,1,8,0,5,0,0,2,31,0,0,2,4,0,0,25,0,0,0,0,0,0,0
Magic Rapier,Rapier,400,1,7,0,5,0,0,1,0,0,0,2,4,0,0,18,0,0,0,0,0,0,0
Magic Broadsword,Broadsword,1000,1,9,0,5,0,0,1,0,0,0,3,4,0,0,25,0,0,0,0,0,0,0
Magic Flail,Flail,1000,1,9,0,5,0,0,2,9,0,0,3,4,0,0,30,0,0,0,0,0,0,0
Magic Bardiche,Bardiche,3000,2,12,0,5,0,0,3,8,0,0,4,4,0,0,40,0,0,0,0,0,0,0
Magic Halberd,Halberd,4000,2,18,0,5,0,0,3,5,0,0,4,4,0,0,50,0,0,0,0,0,0,0
Magic Greatsword,Greatsword,3600,2,14,0,5,0,0,1,1,0,0,4,4,0,0,45,0,0,0,0,0,0,0
Magic Great Mace,Great Mace,3400,2,13,0,5,0,0,2,2,0,0,4,4,0,0,45,0,0,0,0,0,0,0
Iron Slith Spear,Slith Spear,400,2,12,0,2,0,0,3,6,0,0,2,0,0,0,40,0,0,0,0,0,0,0
Steel Slith Spear,Slith Spear,750,2,12,0,3,0,0,3,6,0,0,2,0,0,0,40,0,0,0,0,0,0,0
Bronze Wave Blade,Wave Blade,50,1,10,0,1,0,0,1,7,0,0,1,0,0,0,20,0,0,0,0,0,0,0
Iron Wave Blade,Wave Blade,200,1,10,0,2,0,0,1,7,0,0,2,0,0,0,20,0,0,0,0,0,0,0
Steel Wave Blade,Wave Blade,500,1,10,0,3,0,0,1,7,0,0,2,0,0,0,20,0,0,0,0,0,0,0
Magic Wave Blade,Wave Blade,1000,1,10,0,5,0,0,1,7,0,0,3,4,0,0,20,0,0,0,0,0,0,0
Iron Razordisks,Razordisks,10,6,9,0,1,0,8,1,49,0,0,1,0,9,0,1,0,0,0,0,0,0,0
Steel Razordisks,Razordisks,22,6,9,0,2,0,8,1,49,0,0,2,0,10,0,1,0,0,0,0,0,0,0
Darts,Darts,1,6,6,0,0,0,10,1,48,0,0,2,0,1,0,1,0,0,0,0,0,0,0
Iron Darts,Darts,3,6,6,0,1,0,8,1,48,0,0,1,0,2,0,1,0,0,0,0,0,0,0
Magic Darts,Darts,15,6,6,0,5,0,6,1,48,0,0,1,4,3,0,1,0,0,0,0,0,0,0
Throwing Knives,Throwing Knive,2,6,9,0,0,0,10,1,45,0,0,1,0,4,0,2,0,0,0,0,0,0,0
Iron Throwing Knives,Throwing Knive,7,6,9,0,2,0,10,1,45,0,0,1,0,5,0,2,0,0,0,0,0,0,0
Arrows,Arrows,1,5,12,0,0,0,12,1,47,0,0,1,0,6,0,1,0,0,0,0,0,0,0
Iron Arrows,Arrows,20,5,12,0,2,0,10,1,47,0,0,2,0,7,0,1,0,0,0,0,0,0,0
Magic Arrows,Arrows,40,5,12,0,5,0,8,1,47,0,0,2,4,8,0,1,0,0,0,0,0,0,0
Javelins,Javelins,2,6,11,0,0,0,8,1,11,0,0,1,0,11,0,3,0,0,0,0,0,0,0
Iron Javelins,Javelins,12,6,11,0,1,0,8,1,11,0,0,1,0,12,0,3,0,0,0,0,0,0,0
Cavewood Bow,Bow,30,4,0,0,0,0,0,1,10,0,0,1,0,0,0,20,0,0,0,0,0,0,0
Lemonwood Bow,Bow,120,4,0,0,1,0,0,1,10,0,0,2,0,0,0,20,0,0,0,0,0,0,0
Yew Bow,Bow,240,4,0,0,2,0,0,1,10,0,0,2,0,0,0,20,0,0,0,0,0,0,0
Magic Bow,Bow,1000,4,0,0,4,0,0,1,10,0,0,3,4,0,0,10,0,0,0,0,0,0,0
Crossbow,Crossbow,80,23,0,0,0,0,0,1,21,0,0,1,0,0,0,35,0,0,0,0,0,0,0
Fine Crossbow,Crossbow,250,23,0,0,1,0,0,1,21,0,0,2,0,0,0,35,0,0,0,0,0,0,0
Magic Crossbow,Crossbow,3000,23,0,0,4,0,0,1,21,0,0,4,4,0,0,20,0,0,0,0,0,0,0
Bolts,Bolts,3,24,17,0,0,0,12,1,106,0,0,1,0,16,0,1,0,0,0,0,0,0,0
Iron Bolts,Bolts,40,24,17,0,2,0,10,1,106,0,0,2,0,17,0,1,0,0,0,0,0,0,0
Magic Bolts,Bolts,80,24,17,0,5,0,8,1,106,0,0,2,4,18,0,1,0,0,0,0,0,0,0
Leather Sling,Sling,20,25,8,0,0,0,0,1,28,0,0,1,0,0,0,25,0,0,0,0,0,0,0
Magic Sling,Sling,3000,25,12,0,3,0,0,1,28,0,0,4,4,0,0,25,0,0,0,0,0,0,0
Leather Baldric,Leather Baldri,4,13,1,0,0,0,0,1,14,0,0,0,1,0,0,40,0,0,0,0,0,0,0
Leather Armor,Leather Armor,10,13,2,0,0,0,0,1,14,0,0,0,1,0,0,50,0,0,0,0,0,0,0
Bronze Studded Armor,Studded Armor,30,13,3,1,0,1,0,1,14,0,0,1,0,0,0,70,0,0,0,0,0,0,0
Bronze Chain Mail,Chain Mail,75,13,5,2,0,1,0,1,15,0,0,1,0,0,0,90,0,0,0,0,0,0,0
Bronze Breastplate,Breastplate,150,13,7,3,0,1,0,1,16,0,0,2,0,0,0,110,0,0,0,0,0,0,0
Bronze Plate,Plate,350,13,9,4,0,1,0,1,16,0,0,2,0,0,0,130,0,0,0,0,0,0,0
Iron Studded Armor,Studded Armor,100,13,3,1,0,2,0,1,14,0,0,2,0,0,0,80,0,0,0,0,0,0,0
Iron Chain Mail,Chain Mail,250,13,5,2,0,2,0,1,15,0,0,2,0,0,0,100,0,0,0,0,0,0,0
Iron Breastplate,Breastplate,500,13,7,3,0,2,0,1,16,0,0,2,0,0,0,120,0,0,0,0,0,0,0
Iron Plate,Plate,1200,13,9,4,0,2,0,1,16,0,0,3,0,0,0,140,0,0,0,0,0,0,0
Steel Studded Armor,Studded Armor,200,13,3,1,0,3,0,1,14,0,0,2,0,0,0,80,0,0,0,0,0,0,0
Steel Chain Mail,Chain Mail,400,13,5,2,0,3,0,1,15,0,0,2,0,0,0,100,0,0,0,0,0,0,0
Steel Breastplate,Breastplate,800,13,7,3,0,3,0,1,16,0,0,2,0,0,0,120,0,0,0,0,0,0,0
Steel Plate,Plate,2000,13,9,4,0,3,0,1,16,0,0,3,0,0,0,140,0,0,0,0,0,0,0
Magic Studded Armor,Studded Armor,400,13,3,0,0,5,0,1,14,0,0,2,4,0,0,80,0,0,0,0,0,0,0
Magic Chain Mail,Chain Mail,800,13,5,1,0,5,0,1,15,0,0,2,4,0,0,100,0,0,0,0,0,0,0
Magic Breastplate,Breastplate,1600,13,7,2,0,5,0,1,16,0,0,3,4,0,0,120,0,0,0,0,0,0,0
Magic Plate,Plate,4000,13,9,3,0,5,0,1,16,0,0,4,4,0,0,140,0,0,0,0,0,0,0
Mithral Chain Mail,Chain Mail,1500,13,5,0,0,4,0,1,15,0,0,3,0,0,0,50,0,0,0,0,0,0,0
Crude Buckler,Buckler,2,12,1,1,0,0,0,1,65,0,0,3,0,0,0,20,0,0,0,0,0,0,0
Bronze Buckler,Buckler,15,12,1,1,0,1,0,1,65,0,0,1,0,0,0,20,0,0,0,0,0,0,0
Iron Buckler,Buckler,40,12,1,0,0,2,0,1,65,0,0,1,0,0,0,20,0,0,0,0,0,0,0
Steel Buckler,Buckler,200,12,1,0,0,3,0,1,65,0,0,2,0,0,0,20,0,0,0,0,0,0,0
Magic Buckler,Buckler,500,12,3,0,0,3,0,1,65,0,0,2,4,0,0,10,0,0,0,0,0,0,0
Crude Shield,Shield,8,12,4,2,0,0,0,1,13,0,0,2,0,0,0,30,0,0,0,0,0,0,0
Bronze Shield,Shield,40,12,4,2,0,1,0,1,13,0,0,1,0,0,0,30,0,0,0,0,0,0,0
Iron Shield,Shield,100,12,4,1,0,2,0,1,13,0,0,2,0,0,0,30,0,0,0,0,0,0,0
Steel Shield,Shield,400,12,4,1,0,3,0,1,13,0,0,2,0,0,0,30,0,0,0,0,0,0,0
Magic Shield,Shield,1000,12,6,1,0,3,0,1,13,0,0,3,4,0,0,25,0,0,0,0,0,0,0
Crude Large Shield,Shield,20,12,7,3,0,0,0,1,12,0,0,1,0,0,0,50,0,0,0,0,0,0,0
Bronze Large Shield,Shield,100,12,7,2,0,1,0,1,12,0,0,2,0,0,0,50,0,0,0,0,0,0,0
Iron Large Shield,Shield,250,12,7,2,0,2,0,1,12,0,0,2,0,0,0,50,0,0,0,0,0,0,0
Steel Large Shield,Shield,700,12,7,2,0,3,0,1,12,0,0,2,0,0,0,50,0,0,0,0,0,0,0
Magic Large Shield,Shield,2000,12,8,1,0,3,0,1,12,0,0,3,4,0,0,45,0,0,0,0,0,0,0
Leather Helm,Helm,3,14,1,0,0,0,0,1,66,0,0,3,0,0,0,15,0,0,0,0,0,0,0
Bronze Helm,Helm,20,14,2,1,0,0,0,1,66,0,0,1,0,0,0,15,0,0,0,0,0,0,0
Iron Helm,Helm,40,14,3,1,0,0,0,1,66,0,0,1,0,0,0,15,0,0,0,0,0,0,0
Steel Helm,Helm,100,14,4,1,0,0,0,1,66,0,0,2,0,0,0,15,0,0,0,0,0,0,0
Magic Helm,Helm,250,14,5,1,0,0,0,1,66,0,0,2,4,0,0,15,0,0,0,0,0,0,0
Leather Greathelm,Greathelm,12,14,3,1,0,0,0,1,67,0,0,2,0,0,0,25,0,0,0,0,0,0,0
Bronze Greathelm,Greathelm,40,14,4,2,0,0,0,1,67,0,0,1,0,0,0,25,0,0,0,0,0,0,0
Iron Greathelm,Greathelm,80,14,5,2,0,0,0,1,67,0,0,1,0,0,0,25,0,0,0,0,0,0,0
Steel Greathelm,Greathelm,250,14,6,1,0,0,0,1,67,0,0,2,0,0,0,25,0,0,0,0,0,0,0
Magic Greathelm,Greathelm,700,14,7,1,0,0,0,1,67,0,0,2,4,0,0,25,0,0,0,0,0,0,0
Leather Gloves,Gloves,10,15,1,0,0,0,0,1,68,0,0,2,0,0,0,7,0,0,0,0,0,0,0
Bronze Gauntlets,Gauntlets,25,15,2,1,0,0,0,1,17,0,0,1,0,0,0,10,0,0,0,0,0,0,0
Iron Gauntlets,Gauntlets,55,15,3,1,0,0,0,1,17,0,0,1,0,0,0,12,0,0,0,0,0,0,0
Steel Gauntlets,Gauntlets,150,15,4,1,0,0,0,1,17,0,0,2,0,0,0,12,0,0,0,0,0,0,0
Magic Gauntlets,Gauntlets,400,15,5,1,0,0,0,1,17,0,0,2,4,0,0,10,0,0,0,0,0,0,0
Boots,Boots,10,17,1,0,0,0,0,1,111,0,0,2,0,0,0,8,0,0,0,0,0,0,0
Steel-Toed Boots,Boots,50,17,2,0,0,0,0,1,111,0,0,1,0,0,0,12,0,0,0,0,0,0,0
Lockpicks,Lockpicks,8,10,0,0,0,0,4,1,56,161,3,1,0,14,0,1,0,0,0,0,0,0,0
Weak Poison,Poison,15,20,2,0,0,0,1,1,75,70,2,1,0,31,0,3,0,0,0,0,0,0,0
Medium Poison,Poison,50,20,4,0,0,0,1,1,75,70,4,1,0,32,0,3,0,0,0,0,0,0,0
Strong Poison,Poison,150,20,6,0,0,0,1,1,75,70,6,2,0,33,0,3,0,0,0,0,0,0,0
Killer Poison,Poison,400,20,8,0,0,0,1,1,75,70,8,2,0,34,0,3,0,0,0,0,0,0,0
Ruby,Gem,350,21,0,0,0,0,0,1,77,0,0,2,0,0,0,1,0,0,0,0,0,0,0
Sapphire,Gem,250,21,0,0,0,0,1,1,76,158,0,2,0,19,0,1,0,0,0,0,0,0,0
Fine Lockpicks,Lockpicks,40,10,2,0,0,0,4,1,56,161,5,2,0,29,0,1,0,0,0,0,0,0,0
Magic Lockpicks,Lockpicks,90,10,4,0,0,0,4,1,56,161,8,2,4,30,0,1,0,0,0,0,0,0,0
Orb of Sight,Orb,300,8,0,0,0,0,1,1,78,131,0,2,4,0,0,1,0,0,0,0,0,0,0
Smoky Crystal,Crystal,100,21,0,0,0,0,1,1,77,159,0,2,0,28,0,2,0,0,0,0,0,0,0
Piercing Crystal,Crystal,200,7,0,0,0,0,1,1,77,132,0,2,4,0,0,1,0,0,0,0,0,0,0
Mist Globe,Orb,200,8,0,0,0,0,1,1,78,85,8,2,4,0,0,1,0,1,0,0,0,0,0
Mist Globe,Orb,200,8,0,0,0,0,1,1,78,86,4,2,4,0,0,1,0,0,0,0,0,0,0
Mist Globe,Orb,200,8,0,0,0,0,1,1,78,84,9,2,4,0,0,1,0,2,0,0,0,0,0
Shielding Crystal,Crystal,200,7,0,0,0,0,4,1,77,74,4,2,4,0,0,1,0,0,0,0,0,0,0
Goo Bomb,Orb,100,8,0,0,0,0,1,1,78,127,7,2,4,0,0,1,0,0,0,0,0,0,0
Orb of Foul Vapors,Orb,100,8,0,0,0,0,1,1,78,122,0,2,4,0,0,1,0,0,0,0,0,0,0
Dust of Hiding,Dust,100,7,0,0,0,0,3,1,83,78,6,2,4,0,0,1,0,2,0,0,0,0,0
Dust of Choking,Dust,1,7,0,0,0,0,6,1,83,72,8,2,4,0,0,1,0,1,0,0,0,0,0
Cleansing Powder,Dust,150,7,0,0,0,0,6,1,83,77,9,3,4,36,0,1,0,0,0,0,0,0,0
Gold Statue,Figure,750,8,0,0,0,0,1,1,84,119,159,2,4,0,0,1,0,0,0,0,0,0,0
Ivory Bug,Figure,200,8,0,0,0,0,1,1,84,119,130,2,4,0,0,1,0,0,0,0,0,0,0
Ebony Lizard,Figure,70,8,0,0,0,0,1,1,84,119,72,1,4,0,0,1,0,0,0,0,0,0,0
Horn of Warriors,Horn,100,7,0,0,0,0,5,1,85,120,13,2,4,0,0,1,0,0,0,0,0,0,0
Scroll: Flame,Scroll,50,8,0,0,0,0,1,1,53,110,7,1,4,0,0,1,0,0,0,0,0,0,0
Scroll: Slow,Scroll,50,8,0,0,0,0,1,1,53,115,7,1,4,0,0,1,0,0,0,0,0,0,0
Scroll: Poison,Scroll,100,8,0,0,0,0,1,1,53,124,7,2,4,0,0,1,0,0,0,0,0,0,0
Scroll: Stealth,Scroll,150,8,0,0,0,0,1,1,53,91,7,2,4,0,0,1,0,0,0,0,0,0,0
Scroll: Kill,Scroll,400,8,0,0,0,0,1,1,53,113,7,2,4,0,0,1,0,0,0,0,0,0,0
Scroll: Ice Bolt,Scroll,200,8,0,0,0,0,1,1,53,114,7,2,4,0,0,1,0,0,0,0,0,0,0
Scroll: Fireball,Scroll,200,8,0,0,0,0,1,1,53,111,7,2,4,0,0,1,0,0,0,0,0,0,0
Scroll: Firestorm,Scroll,300,8,0,0,0,0,1,1,53,112,7,2,4,0,0,1,0,0,0,0,0,0,0
Scroll: Shockstorm,Scroll,500,8,0,0,0,0,1,1,53,125,7,2,4,0,0,1,0,0,0,0,0,0,0
Scroll: Shockwave,Scroll,600,8,0,0,0,0,1,1,53,116,7,2,4,0,0,1,0,0,0,0,0,0,0
Scroll: Charm,Scroll,250,8,0,0,0,0,1,1,53,134,7,2,4,0,0,1,0,0,0,0,0,0,0
Scroll: Magic Res.,Scroll,300,8,0,0,0,0,1,1,53,75,5,2,4,0,0,1,0,2,0,0,0,0,0
Alabaster Lizard,Figure,200,8,0,0,0,0,1,1,84,119,73,2,4,0,0,1,0,0,0,0,0,0,0
Prismatic Wand,Wand,150,9,0,0,0,0,6,1,54,117,0,3,4,0,0,1,0,0,0,0,0,0,0
Crystal Wand,Wand,100,9,0,0,0,0,6,1,54,118,0,2,4,0,0,1,0,0,0,0,0,0,0
Brew of Knowledge,Potion,2000,7,0,0,0,0,1,1,50,88,2,3,4,0,0,1,0,0,0,0,0,0,0
Brew of Ironskin,Potion,1200,7,1,0,0,0,1,1,51,74,4,3,4,0,0,1,0,0,0,0,0,0,0
Brew of Battle,Potion,900,7,0,0,0,0,1,1,52,71,8,3,4,0,0,1,0,0,0,0,0,0,0
Brew of Lethe,Potion,500,7,0,0,0,0,1,1,50,85,8,2,36,0,0,1,0,1,0,0,0,0,0
Diamond,Gem,700,21,0,0,0,0,1,1,76,0,0,2,0,39,0,1,0,0,0,0,0,0,0
Emerald,Gem,400,21,0,0,0,0,1,1,78,0,0,2,0,40,0,1,0,0,0,0,0,0,0
Cursed Helm,Helm,10,14,3,4,0,0,0,1,66,0,0,2,20,0,0,14,0,0,0,0,0,0,0
Ruby Helm,Helm,150,14,4,1,0,0,5,1,66,111,4,2,4,0,0,14,0,0,0,0,0,0,0
Emerald Helm,Helm,120,14,4,1,0,0,5,1,66,124,6,2,4,0,0,14,0,0,0,0,0,0,0
Helm of Speed,Helm,1400,14,4,1,0,0,0,1,67,55,0,3,4,0,0,14,0,0,0,0,0,0,0
Runed Helm,Helm,1200,14,5,0,1,0,0,1,66,0,0,3,4,0,0,14,0,0,0,0,0,0,0
Crystal,Crystal,10,21,0,0,0,0,0,1,77,0,0,3,1,0,0,0,0,0,0,0,0,0,0
Iron Bar,Metal Bar,10,21,0,0,0,0,0,1,87,0,0,3,0,0,0,20,0,0,0,0,0,0,0
Silver Bar,Metal Bar,100,21,0,0,0,0,0,1,87,0,0,2,0,0,0,20,0,0,0,0,0,0,0
Platinum bar,Metal Bar,1000,21,0,0,0,0,0,1,87,0,0,3,0,0,0,18,0,0,0,0,0,0,0
Nimble Gloves,Gloves,1000,15,1,0,0,0,0,1,68,42,6,3,4,0,0,7,0,0,0,0,0,0,0
Ogrish Gauntlets,Gauntlets,1000,15,3,1,0,0,0,1,17,43,4,3,4,0,0,10,0,0,0,0,0,0,0
Giantish Gauntlets,Gauntlets,3000,15,3,1,0,0,0,1,17,43,8,4,4,0,0,10,0,0,0,0,0,0,0
Glue Gauntlets,Gauntlets,10,15,0,2,0,0,0,1,17,0,0,4,20,0,0,10,0,0,0,0,0,0,0
Aspskin Gloves,Gloves,800,15,1,0,0,0,0,1,68,51,2,2,4,0,0,7,0,0,0,0,0,0,0
Micah's Gloves,Gloves,4000,15,1,0,0,1,0,1,68,40,8,4,4,0,0,7,0,0,0,0,0,0,0
Magic Boots,Boots,300,17,2,0,0,1,0,1,111,0,0,2,4,0,0,8,0,0,0,0,0,0,0
Dancing Boots,Boots,20,17,1,0,0,0,0,1,111,56,5,1,52,0,0,8,0,0,0,0,0,0,0
Boots of Apollo,Boots,100,17,2,0,0,1,10,1,111,73,5,3,4,0,0,8,0,0,0,0,0,0,0
Boots of Speed,Boots,3000,17,2,0,0,1,0,1,111,55,3,4,4,0,0,8,0,0,0,0,0,0,0
Cursed Boots,Boots,10,17,1,4,0,0,0,1,111,0,0,4,20,0,0,8,0,0,0,0,0,0,0
Crystal Shield,Shield,1000,12,6,2,2,0,0,1,12,49,4,3,4,0,0,30,0,0,0,0,0,0,0
Iceshield,Shield,1500,12,6,2,2,0,0,1,12,33,5,3,4,0,0,30,0,0,0,0,0,0,0
Shield of Khar,Shield,200,12,6,2,1,0,6,1,12,87,4,3,4,0,0,30,0,0,0,0,0,0,0
Shield of Klin,Shield,200,12,6,2,1,0,6,1,12,71,6,3,4,0,0,30,0,0,0,0,0,0,0
Lifeshield,Shield,5000,12,7,2,2,0,1,1,12,48,0,4,4,0,0,30,0,0,0,0,0,0,0
Shield of Klud,Shield,150,12,6,2,1,0,5,1,12,84,3,2,4,0,0,30,0,0,0,0,0,0,0
Martyr's Shield,Shield,100,12,5,2,2,0,5,1,13,80,4,2,4,0,0,30,0,0,0,0,0,0,0
Runeshield,Shield,1500,12,6,0,2,0,0,1,13,0,0,3,4,0,0,30,0,0,0,0,0,0,0
Cursed Shield,Shield,10,12,4,5,0,0,0,1,13,0,0,3,20,0,0,30,0,0,0,0,0,0,0
Strong Curing P.,Potion,350,7,3,0,0,0,1,1,50,72,8,2,4,0,0,5,0,0,0,0,0,0,0
Strong Healing P.,Potion,350,7,3,0,0,0,1,1,50,87,8,2,4,0,0,5,0,0,0,0,0,0,0
Strong Energy P.,Potion,600,7,3,0,0,0,1,1,50,88,8,2,4,0,0,5,0,0,0,0,0,0,0
Strong Strength P.,Potion,160,7,3,0,0,0,1,1,50,71,8,2,4,0,0,5,0,0,0,0,0,0,0
Strong Speed P.,Potion,200,7,3,0,0,0,1,1,50,73,8,2,4,0,0,5,0,0,0,0,0,0,0
Strong Invuln. P.,Potion,600,7,3,0,0,0,1,1,50,74,8,2,4,0,0,5,0,0,0,0,0,0,0
Strong Skill P.,Potion,1600,7,3,0,0,0,1,1,50,86,4,3,4,0,0,5,0,0,0,0,0,0,0
Medium Curing P.,Potion,120,7,1,0,0,0,1,1,50,72,5,2,4,0,0,5,0,0,0,0,0,0,0
Medium Healing P.,Potion,180,7,1,0,0,0,1,1,50,87,5,2,4,0,0,5,0,0,0,0,0,0,0
Medium Energy P.,Potion,300,7,1,0,0,0,1,1,50,88,5,2,4,0,0,5,0,0,0,0,0,0,0
Medium Strength P.,Potion,80,7,1,0,0,0,1,1,50,71,5,1,4,0,0,5,0,0,0,0,0,0,0
Medium Speed P.,Potion,100,7,1,0,0,0,1,1,50,73,5,2,4,0,0,5,0,0,0,0,0,0,0
Medium Invuln. P.,Potion,300,7,1,0,0,0,1,1,50,74,5,2,4,0,0,5,0,0,0,0,0,0,0
Medium Skill P.,Potion,800,7,1,0,0,0,1,1,50,86,2,2,4,0,0,5,0,0,0,0,0,0,0
Weak Curing P.,Potion,40,7,0,0,0,0,1,1,50,72,2,1,4,0,0,5,0,0,0,0,0,0,0
Weak Healing P.,Potion,60,7,0,0,0,0,1,1,50,87,2,1,4,0,0,5,0,0,0,0,0,0,0
Weak Energy P.,Potion,100,7,0,0,0,0,1,1,50,88,2,2,4,0,0,5,0,0,0,0,0,0,0
Weak Strength P.,Potion,40,7,0,0,0,0,1,1,50,71,2,1,4,0,0,5,0,0,0,0,0,0,0
Weak Speed P.,Potion,50,7,0,0,0,0,1,1,50,73,2,1,4,0,0,5,0,0,0,0,0,0,0
Weak Invuln. P.,Potion,150,7,0,0,0,0,1,1,50,74,2,2,4,0,0,5,0,0,0,0,0,0,0
Weak Skill P.,Potion,400,7,0,0,0,0,1,1,50,86,1,2,4,0,0,5,0,0,0,0,0,0,0
Ambrosia,Potion,400,7,0,0,0,0,1,1,50,87,10,2,4,0,0,5,0,0,0,0,0,0,0
Potion of Bliss,Potion,250,7,0,0,0,0,1,1,50,84,7,2,4,0,0,5,0,0,0,0,0,0,0
Poison Potion,Potion,10,7,0,0,0,0,1,1,50,72,7,2,4,0,0,5,0,1,0,0,0,0,0
Potion of Doom,Potion,20,7,0,0,0,0,1,1,50,89,5,1,36,0,0,5,0,1,0,0,0,0,0
Brew of Lethe,Potion,50,7,0,0,0,0,1,1,50,85,8,1,36,0,0,5,0,1,0,0,0,0,0
Potion of Clarity,Potion,200,7,0,0,0,0,1,1,50,79,8,2,4,0,0,5,0,0,0,0,0,0,0
Dart of Returning,Darts,250,6,4,0,2,0,1,1,48,170,0,2,4,0,0,1,0,0,0,0,0,0,0
Lightning Rods,Javelins,25,6,8,0,0,0,4,1,11,171,20,2,4,35,0,1,0,0,0,0,0,0,0
Regenerating Arrows,Arrows,1000,5,9,0,1,0,1,1,47,170,0,3,4,0,0,1,0,0,0,0,0,0,0
Arrows of Light,Arrows,150,5,9,0,2,0,5,1,47,2,8,2,4,0,0,1,0,0,0,0,0,0,0
Arrows of Life,Arrows,75,5,9,0,2,0,6,1,47,3,8,2,4,0,0,1,0,0,0,0,0,0,0
Burning Arrows,Arrows,30,5,9,0,1,0,6,1,47,1,7,2,4,0,0,1,0,0,0,0,0,0,0
Exploding Arrows,Arrows,150,5,9,0,1,0,4,1,47,172,25,2,4,0,0,1,0,0,0,0,0,0,0
Archer's Bow,Bow,2000,4,0,0,3,5,0,1,10,0,0,3,36,0,0,1,0,0,0,0,0,0,0
Bow of Kag,Bow,200,4,0,0,0,0,0,1,10,11,0,2,36,0,0,1,0,0,0,0,0,0,0
Poison Darts,Darts,18,6,4,0,3,0,6,1,48,14,8,2,4,0,0,1,0,0,0,0,0,0,0
Wand of Venom,Wand,80,9,0,0,0,0,8,1,54,124,5,2,4,0,0,8,0,0,0,0,0,0,0
Wand of Fireballs,Wand,120,9,0,0,0,0,6,1,54,111,5,2,4,0,0,8,0,0,0,0,0,0,0
Wand of Flame,Wand,60,9,0,0,0,0,8,1,54,110,5,2,4,0,0,8,0,0,0,0,0,0,0
Wand of Carrunos,Wand,40,9,0,0,0,0,6,1,54,128,5,2,36,0,0,8,0,0,0,0,0,0,0
Wand of Slow,Wand,20,9,0,0,0,0,8,1,54,115,5,2,4,0,0,8,0,0,0,0,0,0,0
Wand of Death,Wand,400,9,0,0,0,0,4,1,54,113,5,3,4,0,0,8,0,0,0,0,0,0,0
Wand of Charming,Wand,80,9,0,0,0,0,6,1,54,134,5,2,4,0,0,8,0,0,0,0,0,0,0
Wand of Nullity,Wand,80,9,0,0,0,0,5,1,54,135,5,2,36,0,0,8,0,0,0,0,0,0,0
Wand of Vorb,Wand,10,9,0,0,0,0,6,1,54,87,10,1,36,0,0,8,0,1,0,0,0,0,0
Wand of Rats,Wand,60,9,0,0,0,0,6,1,54,119,78,2,4,0,0,8,0,0,0,0,0,0,0
Gold Ring of Regen.,Ring,2500,18,2,0,0,0,0,1,69,50,9,4,4,0,0,1,0,0,0,0,0,0,0
Gold Ring of Prot.,Ring,675,18,2,0,0,7,0,1,69,0,0,2,4,0,0,1,0,0,0,0,0,0,0
Gold Ring of Accuracy,Ring,540,18,2,0,0,0,0,1,69,41,8,2,4,0,0,1,0,0,0,0,0,0,0
Gold Ring of Skill,Ring,1400,18,2,0,0,0,0,1,69,37,8,3,4,0,0,1,0,0,0,0,0,0,0
Gold Ring of Weight,Ring,50,18,0,4,0,0,0,1,69,45,8,1,52,0,0,1,0,0,0,0,0,0,0
Gold Ring,Ring,270,18,0,0,0,0,0,1,69,0,0,2,0,0,0,1,0,0,0,0,0,0,0
Gold Serpent Ring,Ring,180,18,2,0,0,0,3,1,69,120,0,2,4,0,0,1,0,0,0,0,0,0,0
Silver Ring of Regen.,Ring,1000,18,1,0,0,0,0,1,69,50,5,3,4,0,0,1,0,0,0,0,0,0,0
Silver Ring of Prot.,Ring,300,18,1,0,0,5,0,1,69,0,5,2,4,0,0,1,0,0,0,0,0,0,0
Silver Ring of Accuracy,Ring,240,18,1,0,0,0,0,1,69,41,5,2,4,0,0,1,0,0,0,0,0,0,0
Silver Ring of Skill,Ring,600,18,1,0,0,0,0,1,69,37,5,2,4,0,0,1,0,0,0,0,0,0,0
Silver Ring of Weight,Ring,20,18,0,3,0,0,0,1,69,45,5,1,52,0,0,1,0,0,0,0,0,0,0
Silver Ring,Ring,100,18,0,0,0,0,0,1,69,0,0,2,0,0,0,1,0,0,0,0,0,0,0
Silver Serpent Ring,Ring,40,18,1,0,0,0,7,1,69,119,0,2,4,0,0,1,0,0,0,0,0,0,0
Bronze Ring of Regen.,Ring,500,18,0,0,0,0,0,1,69,50,2,2,4,0,0,1,0,0,0,0,0,0,0
Bronze Ring of Prot.,Ring,150,18,0,0,0,3,0,1,69,0,0,2,4,0,0,1,0,0,0,0,0,0,0
Bronze Ring of Accuracy,Ring,120,18,0,0,0,0,0,1,69,41,2,2,4,0,0,1,0,0,0,0,0,0,0
Bronze Ring of Skill,Ring,300,18,0,0,0,0,0,1,69,37,2,2,4,0,0,1,0,0,0,0,0,0,0
Bronze Ring of Weight,Ring,10,18,0,2,0,0,0,1,69,45,2,2,52,0,0,1,0,0,0,0,0,0,0
Bronze Ring,Ring,60,18,0,0,0,0,0,1,69,0,0,1,0,0,0,1,0,0,0,0,0,0,0
Bronze Serpent Ring,Ring,40,18,0,0,0,0,3,1,69,119,0,2,4,0,0,1,0,0,0,0,0,0,0
Ring of Warmth,Ring,1000,18,0,0,0,0,0,1,69,33,4,3,4,0,0,1,0,0,0,0,0,0,0
Ring of Fire Res.,Ring,1200,18,0,0,0,0,0,1,69,32,4,3,4,0,0,1,0,0,0,0,0,0,0
Ring of Speed,Ring,3000,18,0,0,0,0,0,1,69,55,3,4,4,0,0,1,0,0,0,0,0,0,0
Ring of Will,Ring,800,18,0,0,0,0,0,1,69,53,7,2,4,0,0,1,0,0,0,0,0,0,0
Aescal's Ring,Ring,750,18,0,0,0,0,5,1,69,94,2,2,4,0,0,1,0,0,0,0,0,0,0
Silver Ankh,Necklace,600,19,0,0,0,0,0,1,74,57,6,2,4,0,0,1,0,0,0,0,0,0,0
Amulet of the Cobra,Necklace,500,19,0,0,0,0,0,1,73,51,3,2,4,0,0,3,0,0,0,0,0,0,0
Ruby Charm,Necklace,1200,19,0,0,0,0,0,1,74,32,5,3,4,0,0,3,0,0,0,0,0,0,0
Onyx Charm,Necklace,1000,19,0,0,0,0,0,1,73,35,5,3,4,0,0,3,0,0,0,0,0,0,0
Fang Necklace,Necklace,750,19,0,0,0,0,0,1,73,46,4,2,4,0,0,3,0,0,0,0,0,0,0
Fire Orb Necklace,Necklace,150,19,0,0,0,0,6,1,72,111,7,3,4,0,0,3,0,0,0,0,0,0,0
Diamond Necklace,Necklace,1000,19,0,0,0,0,0,1,74,0,0,3,0,0,0,3,0,0,0,0,0,0,0
Gold necklace,Necklace,400,19,0,0,0,0,0,1,72,0,0,2,0,0,0,3,0,0,0,0,0,0,0
Lifesaver Amulet,Necklace,2000,19,0,0,0,0,1,1,72,48,0,3,4,0,0,3,0,0,0,0,0,0,0
Scale Necklace,Necklace,80,19,0,0,0,0,5,1,73,119,0,2,4,0,0,3,0,0,0,0,0,0,0
Amber Periapt,Necklace,600,19,0,0,0,0,0,1,74,34,0,2,4,0,0,3,0,0,0,0,0,0,0
Feldspar Charm,Necklace,10,19,0,4,0,-4,0,1,73,0,0,2,20,0,0,3,0,0,0,0,0,0,0
Ivory Charm,Necklace,700,19,0,0,0,4,0,1,72,0,0,2,4,0,0,3,0,0,0,0,0,0,0
Silver necklace,Necklace,150,19,0,0,0,0,0,1,74,0,0,2,0,0,0,3,0,0,0,0,0,0,0
Uranium bar,Metal Bar,200,21,0,0,0,0,0,1,87,52,3,2,0,0,0,20,0,0,0,0,0,0,0
Gold bar,Metal Bar,750,21,0,0,0,0,0,1,112,0,0,2,0,0,0,20,0,0,0,0,0,0,0
Graymold Salve,Salve,120,7,0,0,0,0,1,1,50,77,3,2,5,0,0,3,0,2,0,0,0,0,0
Ressurection Balm,Balm,200,21,0,0,0,0,1,1,51,160,0,2,5,0,0,3,0,0,0,0,0,0,0
Rough Diamond,Rock,400,21,0,0,0,0,0,1,91,0,0,2,0,0,0,5,0,0,0,0,0,0,0
Power Geode,Rock,150,8,3,0,0,0,5,1,91,88,3,2,4,0,0,5,0,0,0,0,0,0,0
Firestone,Rock,80,8,0,0,0,0,9,1,92,110,3,2,4,0,0,5,0,0,0,0,0,0,0
Ravage Knife,Knife,800,1,4,0,8,0,0,1,45,0,0,2,4,0,0,5,0,0,0,0,0,0,0
Assassin's Knife,Knife,1000,1,6,0,3,0,0,1,45,14,8,3,4,0,0,5,0,0,0,0,0,0,0
Alien Blade,Waveblade,5000,1,13,0,3,0,0,1,7,0,3,4,4,0,0,30,0,0,0,0,0,0,0
Demonslayer,Greatsword,8000,2,18,0,5,0,0,1,1,2,8,4,4,0,0,80,0,0,0,0,0,0,0
Wyrmsbane,Broadsword,4000,1,12,0,2,0,0,1,0,4,6,4,4,0,0,30,0,0,0,0,0,0,0
Flaming Sword,Red Sword,1200,1,10,0,1,0,0,1,0,1,5,3,4,0,0,30,0,0,0,0,0,0,0
Smite,Hammer,4000,1,10,0,3,0,0,2,2,5,8,4,4,0,0,30,0,0,0,0,0,0,0
Mace of Disruption,Mace,1250,1,10,0,2,0,0,2,2,3,7,3,4,0,0,40,0,0,0,0,0,0,0
Lodestone,Rock,100,21,0,0,0,0,0,1,92,45,4,2,52,0,0,5,0,0,0,0,0,0,0
Airy Stone,Rock,400,21,0,0,0,0,0,1,91,44,4,2,4,0,0,5,0,0,0,0,0,0,0
Basic Powder,Powder,40,8,0,0,0,0,4,1,83,83,8,2,4,41,0,2,0,2,0,0,0,0,0
Powder of Lethe,Powder,30,8,0,0,0,0,2,1,83,85,4,1,4,42,0,2,0,3,0,0,0,0,0
Potion of Paralysis,Potion,30,7,0,0,0,0,1,1,50,82,10,1,4,0,0,4,0,1,0,0,0,0,0
Ring of Free Action,Ring,1000,18,0,0,0,0,0,1,69,54,7,3,4,0,0,2,0,0,0,0,0,0,0
Ring of Resistance,Ring,4000,18,0,0,0,0,0,1,69,31,6,4,4,0,0,2,0,0,0,0,0,0,0
Basic Necklace,Necklace,500,19,0,0,0,0,0,1,73,36,4,2,4,0,0,4,0,0,0,0,0,0,0
Wand of Paralysis,Wand,170,9,0,0,0,0,5,1,54,126,6,2,4,0,0,6,0,0,0,0,0,0,0
Wand of Acid,Wand,100,9,0,0,0,0,7,1,55,121,7,2,4,0,0,7,0,0,0,0,0,0,0
Helm of Alertness,Helm,750,14,4,0,0,1,0,1,66,54,3,2,4,0,0,20,0,0,0,0,0,0,0
Shield of Kron,Shield,250,12,6,1,0,2,6,1,13,123,5,3,4,0,0,40,0,0,0,0,0,0,0
Boltblade,Short Sword,50,1,8,0,0,0,8,1,0,110,3,2,4,0,0,20,0,0,0,0,0,0,0
Shield Mace,Mace,400,12,8,0,0,3,0,2,2,0,0,2,4,0,0,30,0,0,0,0,0,0,0
Quicksilver Band,Ring,120,18,2,0,0,0,5,1,69,73,3,2,4,0,0,4,0,0,0,0,0,0,0
Holly,Holly,10,21,0,0,0,0,3,1,59,150,0,1,1,21,0,1,0,0,0,0,0,0,0
Comfrey Root,Comfrey Root,15,21,0,0,0,0,3,1,60,151,0,1,1,22,0,1,0,0,0,0,0,0,0
Glowing Nettle,Glowing Nettle,30,21,0,0,0,0,3,1,61,152,0,1,1,23,0,1,0,0,0,0,0,0,0
Wormgrass,Wormgrass,50,21,0,0,0,0,3,1,59,153,0,2,1,24,0,1,0,0,0,0,0,0,0
Asptongue Mold,Asptongue Mold,70,21,0,0,0,0,3,1,60,154,0,2,1,50,0,1,0,0,0,0,0,0,0
Graymold,Graymold,90,21,0,0,0,0,2,1,60,156,0,2,1,25,0,1,0,0,0,0,0,0,0
Ember Flowers,Ember Flowers,120,21,0,0,0,0,2,1,61,155,0,2,1,26,0,1,0,0,0,0,0,0,0
Mandrake Root,Mandrake Root,400,21,0,0,0,0,2,1,60,157,0,2,1,27,0,1,0,0,0,0,0,0,0
Asp Fangs,Asp Fangs,40,21,0,0,0,0,1,1,116,154,0,1,1,0,0,1,0,0,0,0,0,0,0
Cursed Axe,Axe,10,1,3,0,0,0,0,1,3,0,0,1,20,0,0,20,0,0,0,0,0,0,0
Cursed Broadsword,Broadsword,10,1,6,0,0,0,0,1,0,0,0,1,20,0,0,25,0,0,0,0,0,0,0
Cursed Greatsword,Greatsword,10,2,8,0,0,0,0,1,1,0,0,1,20,0,0,45,0,0,0,0,0,0,0
Cursed Knife,Knife,10,1,1,0,0,0,0,1,45,0,0,1,20,0,0,8,0,0,0,0,0,0,0
Cursed Shield,Shield,10,12,1,2,0,0,0,1,13,0,0,1,20,0,0,30,0,0,0,0,0,0,0
Cursed Mace,Mace,10,1,1,0,0,0,0,2,2,0,0,1,20,0,0,20,0,0,0,0,0,0,0
Cursed Ring,Ring,10,18,0,3,0,0,0,1,69,0,0,1,20,0,0,1,0,0,0,0,0,0,0
Cursed Halberd,Halberd,10,2,8,0,0,0,0,3,5,0,0,1,20,0,0,50,0,0,0,0,0,0,0
Silver Ore,Ore,8,21,0,0,0,0,1,1,91,0,0,1,1,46,0,3,0,0,0,0,0,0,0
Gold Ore,Ore,15,21,0,0,0,0,1,1,92,0,0,1,1,47,0,3,0,0,0,0,0,0,0
Mithral Broadsword,Broadsword,3000,1,10,0,6,0,0,1,0,0,0,4,4,0,0,25,0,0,0,0,0,0,0
Robes of Shielding,Robes,500,13,6,0,0,0,0,1,22,35,3,4,1,0,0,0,0,0,0,0,0,0,0
Pants of Protection,Pants,700,22,0,0,0,7,0,1,23,30,2,0,4,0,0,0,0,0,0,0,0,0,0
Very Old Meat,Very Old Meat,0,11,5,0,0,0,0,1,113,0,0,4,1,0,0,0,0,0,0,0,0,0,0
Very Old Meat,Very Old Meat,0,11,4,0,0,0,0,1,114,0,0,4,1,0,0,0,0,0,0,0,0,0,0
Tome of Knowledge,Book,250,8,0,0,0,0,2,1,99,85,3,4,1,0,0,8,0,0,0,0,0,0,0
School Textbook,Book,0,21,0,0,0,0,0,1,110,0,0,4,1,0,0,14,1,0,0,0,0,0,0
Empty,Empty,0,0,0,0,0,0,0,1,0,0,0,4,1,0,0,0,0,0,0,0,0,0,0
Empty,Empty,0,0,0,0,0,0,0,1,0,0,0,4,1,0,0,0,0,0,0,0,0,0,0
Empty,Empty,0,0,0,0,0,0,0,1,0,0,0,4,1,0,0,0,0,0,0,0,0,0,0
Empty,Empty,0,0,0,0,0,0,0,1,0,0,0,4,1,0,0,0,0,0,0,0,0,0,0
Empty,Empty,0,0,0,0,0,0,0,1,0,0,0,4,1,0,0,0,0,0,0,0,0,0,0
Empty,Empty,0,0,0,0,0,0,0,1,0,0,0,4,1,0,0,0,0,0,0,0,0,0,0
Empty,Empty,0,0,0,0,0,0,0,1,0,0,0,4,1,0,0,0,0,0,0,0,0,0,0
Empty,Empty,0,0,0,0,0,0,0,1,0,0,0,4,1,0,0,0,0,0,0,0,0,0,0
Empty,Empty,0,0,0,0,0,0,0,1,0,0,0,4,1,0,0,0,0,0,0,0,0,0,0
Empty,Empty,0,0,0,0,0,0,0,1,0,0,0,4,1,0,0,0,0,0,0,0,0,0,0
Empty,Empty,0,0,0,0,0,0,0,1,0,0,0,4,1,0,0,0,0,0,0,0,0,0,0
